2009-12-14,"Reinforcement learning",1
2009-08-17,"Neural networks",2
2009-10-14,"Neural networks",1
2010-01-23,"Neural networks",1
2010-02-03,"Neural networks",2
2010-05-07,"Neural networks",3
2010-09-23,"Neural networks",4
2011-06-25,"Neural networks",1
2012-02-28,"Neural networks",5
2009-02-23,"Sentiment analysis",1
2009-04-20,"Sentiment analysis",1
2010-06-10,"Sentiment analysis",3
2010-07-22,"Sentiment analysis",2
2010-08-05,"Sentiment analysis",1
2010-10-13,"Sentiment analysis",3
2010-11-25,"Sentiment analysis",3
2010-12-21,"Sentiment analysis",2
2011-03-27,"Sentiment analysis",4
2011-04-05,"Sentiment analysis",2
2011-05-24,"Sentiment analysis",2
2011-07-07,"Sentiment analysis",3
2011-09-29,"Sentiment analysis",4
2011-11-30,"Sentiment analysis",4
2012-04-02,"Sentiment analysis",4
2012-05-22,"Sentiment analysis",9
2013-01-24,"Sentiment analysis",12
2013-02-26,"Sentiment analysis",7
2013-08-14,"Sentiment analysis",11
2018-12-01,LSTM,5
2009-05-08,"Image processing",1
2009-11-30,"Image processing",3
2010-03-12,"Image processing",4
2010-04-10,"Image processing",7
2011-01-29,"Image processing",2
2011-02-03,"Image processing",1
2011-08-29,"Image processing",3
2011-10-30,"Image processing",4
2011-12-20,"Image processing",13
2012-01-13,"Image processing",5
2012-03-15,"Image processing",7
2012-06-22,"Image processing",8
2012-07-31,"Image processing",12
2012-08-28,"Image processing",15
2012-09-24,"Image processing",12
2012-10-23,"Image processing",9
2012-11-29,"Image processing",21
2012-12-20,"Image processing",9
2013-03-29,"Image processing",15
2013-04-23,"Image processing",16
2013-05-29,"Image processing",15
2013-06-20,"Image processing",11
2013-07-28,"Image processing",18
2013-09-26,"Image processing",17
2013-10-22,"Image processing",14
2013-11-30,"Image processing",11
2013-12-25,"Image processing",19
2014-01-31,"Image processing",14
2014-02-20,"Image processing",17
2014-03-18,"Image processing",18
2014-04-25,"Image processing",21
2014-05-27,"Image processing",18
2014-06-12,"Image processing",17
2014-07-19,"Image processing",13
2014-08-10,"Image processing",6
2014-09-26,"Image processing",20
2014-10-30,"Image processing",32
2014-11-25,"Image processing",7
2014-12-14,"Image processing",17
2015-01-28,"Image processing",19
2015-02-25,"Image processing",25
2015-03-26,"Image processing",26
2015-04-22,"Image processing",40
2015-05-29,"Image processing",32
2015-06-28,"Image processing",29
2015-07-16,"Image processing",19
2015-08-27,"Image processing",22
2015-09-29,"Image processing",31
2015-10-29,"Image processing",18
2015-11-30,"Image processing",28
2015-12-30,"Image processing",27
2016-01-28,"Image processing",44
2016-02-25,"Image processing",35
2016-03-27,"Image processing",30
2016-04-29,"Image processing",43
2016-05-30,"Image processing",60
2016-06-29,"Image processing",33
2016-07-25,"Image processing",55
2016-08-26,"Image processing",39
2016-09-19,"Image processing",34
2016-10-26,"Image processing",48
2016-11-29,"Image processing",54
2016-12-22,"Image processing",48
2017-01-28,"Image processing",52
2017-02-28,"Image processing",59
2017-03-29,"Image processing",79
2017-04-27,"Image processing",49
2017-05-30,"Image processing",60
2017-06-29,"Image processing",70
2017-07-29,"Image processing",68
2017-08-28,"Image processing",66
2017-09-29,"Image processing",54
2017-10-30,"Image processing",69
2017-11-26,"Image processing",55
2017-12-31,"Image processing",53
2018-01-29,"Image processing",81
2018-02-27,"Image processing",80
2018-03-28,"Image processing",93
2018-04-30,"Image processing",101
2018-05-31,"Image processing",96
2018-06-30,"Image processing",74
2018-07-31,"Image processing",72
2018-08-27,"Image processing",73
2018-09-29,"Image processing",51
2018-10-31,"Image processing",76
2018-11-28,"Image processing",91
