"Code Errors",3057
"Algorithms",2868
"Labeling ",2661
"Training dataset",1435
"Neural networks",938
"Keras",826
"Image processing",711
"Numpy panda sklearn",672
"Sentiment analysis",666
"Tensorflow graphs",630
"Numpy ",625
"Clustering",618
"Classification",590
"Convolutional Neural Net",577
"Caret",542
"Error and accuracy",528
"Azure-Sql-Google",517
"Gradient descent",504
"Data Normalization",495
"Estimating parameters",457
"Feature Selection",453
"ML Performance",449
"Svm",427
"Handling dataframes",413
"LSTM",404
"Machine learning model",386
"Date and time manipulation",375
"Classifier",367
"Installations",365
"Loss Function",358
"Spark",355
"Importing Data",350
"Pytorch",342
"Anaconda",329
"Epoch",328
"Scikit",326
"Rating and Ranking applications",322
"Reinforcement learning",317
"Graph plotting",310
"Natural Language Processing",287
"Caffe",263
"String manipulation techniques",225
"Ethnicity",210
"Tensorflow",132
